,Week,Score
0,0,35.4
1,1,35.25
2,2,40.333333333333336
3,3,37.5
4,4,41.333333333333336
5,5,38.333333333333336
6,6,40.0
7,7,35.0
8,8,33.666666666666664
