,Week,Score
0,0,35.4
1,1,35.666666666666664
2,2,38.0
3,3,38.666666666666664
4,4,41.333333333333336
5,5,38.0
6,6,39.0
7,7,36.666666666666664
8,8,33.666666666666664
