,Week,Score
0,0,29.6
1,1,29.333333333333332
2,2,27.333333333333332
3,3,28.75
4,4,29.333333333333332
5,5,33.0
6,6,29.0
7,7,36.0
8,8,31.333333333333332
9,9,35.0
