,Week,Score
0,0,29.6
1,1,29.25
2,2,26.333333333333332
3,3,29.666666666666668
4,4,29.333333333333332
5,5,31.666666666666668
6,6,36.0
7,7,36.0
8,8,31.333333333333332
9,9,35.0
