,Week,Score
0,0,27.4
1,1,29.25
2,2,29.333333333333332
3,3,28.5
4,4,27.666666666666668
5,5,28.333333333333332
6,6,35.0
7,7,33.0
8,8,32.666666666666664
