,Week,Score
0,0,49.6
1,1,50.25
2,2,43.666666666666664
3,3,44.5
4,4,39.0
5,5,38.666666666666664
6,6,44.0
7,7,45.0
8,8,46.333333333333336
