,Week,Score
0,0,49.6
1,1,50.0
2,2,44.0
3,3,46.333333333333336
4,4,39.0
5,5,37.5
6,6,41.0
7,7,44.666666666666664
8,8,46.333333333333336
