,Week,Score
0,0,27.4
1,1,28.333333333333332
2,2,30.0
3,3,29.0
4,4,27.666666666666668
5,5,25.5
6,6,34.0
7,7,33.666666666666664
8,8,32.666666666666664
