,Week,Score
0,0,49.25
1,2,0.0
2,4,0.0
3,5,0.25
4,6,0.0
5,7,0.75
6,8,1.0
7,9,0.3333333333333333
8,10,0.6666666666666666
