,Week,Score
0,0,58.5
1,3,2.6666666666666665
2,4,0.0
3,5,0.0
4,6,3.25
5,7,6.666666666666667
6,8,5.0
