,Week,Score,Variance
0,0,33.5,24.5
1,1,33.0,
2,4,12.0,
3,5,18.5,4.5
4,6,16.666666666666668,14.333333333333336
5,7,19.75,8.916666666666666
