,Week,Score,Variance
0,0,30.0,0.0
1,1,30.0,
2,4,7.0,
3,5,2.5,0.5
4,6,7.666666666666667,6.333333333333333
5,7,7.5,31.0
